TS_Pcode,Township,Township_Mya_MM3,D_Pcode,District,District_Mya_MM3,SR_Pcode,State_Region,State_Region_Mya_MM3,MYAINFO_TS_ID,Source,Remark
MMR017024,Bogale,ဘိုကလေး,MMR017D006,Pyapon,ဖျာပုံခရိုင်,MMR017,Ayeyarwady,ဧရာဝတီတိုင်းဒေသကြီး,ASIMMR017024,"GAD, Mar 2015",
MMR017022,Danubyu,ဓနုဖြူ,MMR017D005,Maubin,မအူပင်ခရိုင်,MMR017,Ayeyarwady,ဧရာဝတီတိုင်းဒေသကြီး,ASIMMR017022,"GAD, Mar 2015",
MMR017026,Dedaye,ဒေးဒရဲ,MMR017D006,Pyapon,ဖျာပုံခရိုင်,MMR017,Ayeyarwady,ဧရာဝတီတိုင်းဒေသကြီး,ASIMMR017026,"GAD, Mar 2015",
MMR017015,Einme,အိမ္မဲ,MMR017D003,Myaungmya,မြောင်းမြခရိုင်,MMR017,Ayeyarwady,ဧရာဝတီတိုင်းဒေသကြီး,ASIMMR017015,"GAD, Mar 2015",
MMR017008,Hinthada,ဟင်္သာတ,MMR017D002,Hinthada,ဟင်္သာတခရိုင်,MMR017,Ayeyarwady,ဧရာဝတီတိုင်းဒေသကြီး,ASIMMR017008,"GAD, Mar 2015",
MMR017013,Ingapu,အင်္ဂပူ,MMR017D002,Hinthada,ဟင်္သာတခရိုင်,MMR017,Ayeyarwady,ဧရာဝတီတိုင်းဒေသကြီး,ASIMMR017013,"GAD, Mar 2015",
MMR017002,Kangyidaunt,ကန်ကြီးထောင့်,MMR017D001,Pathein,ပုသိမ်ခရိုင်,MMR017,Ayeyarwady,ဧရာဝတီတိုင်းဒေသကြီး,ASIMMR017002,"GAD, Mar 2015",
MMR017025,Kyaiklat,ကျိုက်လတ်,MMR017D006,Pyapon,ဖျာပုံခရိုင်,MMR017,Ayeyarwady,ဧရာဝတီတိုင်းဒေသကြီး,ASIMMR017025,"GAD, Mar 2015",
MMR017012,Kyangin,ကြံခင်း,MMR017D002,Hinthada,ဟင်္သာတခရိုင်,MMR017,Ayeyarwady,ဧရာဝတီတိုင်းဒေသကြီး,ASIMMR017012,"GAD, Mar 2015",
MMR017007,Kyaunggon,ကျောင်းကုန်း,MMR017D001,Pathein,ပုသိမ်ခရိုင်,MMR017,Ayeyarwady,ဧရာဝတီတိုင်းဒေသကြီး,ASIMMR017007,"GAD, Mar 2015",
MMR017005,Kyonpyaw,ကျုံပျော်,MMR017D001,Pathein,ပုသိမ်ခရိုင်,MMR017,Ayeyarwady,ဧရာဝတီတိုင်းဒေသကြီး,ASIMMR017005,"GAD, Mar 2015",
MMR017016,Labutta,လပွတ္တာ,MMR017D004,Labutta,လပွတ္တာခရိုင်,MMR017,Ayeyarwady,ဧရာဝတီတိုင်းဒေသကြီး,ASIMMR017016,"GAD, Mar 2015",
MMR017010,Lemyethna,လေးမျက်နှာ,MMR017D002,Hinthada,ဟင်္သာတခရိုင်,MMR017,Ayeyarwady,ဧရာဝတီတိုင်းဒေသကြီး,ASIMMR017010,"GAD, Mar 2015",
MMR017019,Maubin,မအူပင်,MMR017D005,Maubin,မအူပင်ခရိုင်,MMR017,Ayeyarwady,ဧရာဝတီတိုင်းဒေသကြီး,ASIMMR017019,"GAD, Mar 2015",
MMR017018,Mawlamyinegyun,မော်လမြိုင်ကျွန်း,MMR017D004,Labutta,လပွတ္တာခရိုင်,MMR017,Ayeyarwady,ဧရာဝတီတိုင်းဒေသကြီး,ASIMMR017018,"GAD, Mar 2015",
MMR017011,Myanaung,မြန်အောင်,MMR017D002,Hinthada,ဟင်္သာတခရိုင်,MMR017,Ayeyarwady,ဧရာဝတီတိုင်းဒေသကြီး,ASIMMR017011,"GAD, Mar 2015",
MMR017014,Myaungmya,မြောင်းမြ,MMR017D003,Myaungmya,မြောင်းမြခရိုင်,MMR017,Ayeyarwady,ဧရာဝတီတိုင်းဒေသကြီး,ASIMMR017014,"GAD, Mar 2015",
MMR017004,Ngapudaw,ငပုတော,MMR017D001,Pathein,ပုသိမ်ခရိုင်,MMR017,Ayeyarwady,ဧရာဝတီတိုင်းဒေသကြီး,ASIMMR017004,"GAD, Mar 2015",
MMR017021,Nyaungdon,ညောင်တုန်း,MMR017D005,Maubin,မအူပင်ခရိုင်,MMR017,Ayeyarwady,ဧရာဝတီတိုင်းဒေသကြီး,ASIMMR017021,"GAD, Mar 2015",
MMR017020,Pantanaw,ပန်းတနော်,MMR017D005,Maubin,မအူပင်ခရိုင်,MMR017,Ayeyarwady,ဧရာဝတီတိုင်းဒေသကြီး,ASIMMR017020,"GAD, Mar 2015",
MMR017001,Pathein,ပုသိမ်,MMR017D001,Pathein,ပုသိမ်ခရိုင်,MMR017,Ayeyarwady,ဧရာဝတီတိုင်းဒေသကြီး,ASIMMR017001,"GAD, Mar 2015",
MMR017023,Pyapon,ဖျာပုံ,MMR017D006,Pyapon,ဖျာပုံခရိုင်,MMR017,Ayeyarwady,ဧရာဝတီတိုင်းဒေသကြီး,ASIMMR017023,"GAD, Mar 2015",
MMR017003,Thabaung,သာပေါင်း,MMR017D001,Pathein,ပုသိမ်ခရိုင်,MMR017,Ayeyarwady,ဧရာဝတီတိုင်းဒေသကြီး,ASIMMR017003,"GAD, Mar 2015",
MMR017017,Wakema,ဝါးခယ်မ,MMR017D003,Myaungmya,မြောင်းမြခရိုင်,MMR017,Ayeyarwady,ဧရာဝတီတိုင်းဒေသကြီး,ASIMMR017017,"GAD, Mar 2015",
MMR017006,Yegyi,ရေကြည်,MMR017D001,Pathein,ပုသိမ်ခရိုင်,MMR017,Ayeyarwady,ဧရာဝတီတိုင်းဒေသကြီး,ASIMMR017006,"GAD, Mar 2015",
MMR017009,Zalun,ဇလွန်,MMR017D002,Hinthada,ဟင်္သာတခရိုင်,MMR017,Ayeyarwady,ဧရာဝတီတိုင်းဒေသကြီး,ASIMMR017009,"GAD, Mar 2015",
MMR007001,Bago,ပဲခူး,MMR007D001,Bago,ပဲခူးခရိုင်,MMR007,Bago (East),ပဲခူးတိုင်းဒေသကြီး (အရှေ့),ASIMMR007001,"GAD, Mar 2015",
MMR007007,Daik-U,ဒိုက်ဦး,MMR007D001,Bago,ပဲခူးခရိုင်,MMR007,Bago (East),ပဲခူးတိုင်းဒေသကြီး (အရှေ့),ASIMMR007007,"GAD, Mar 2015",
MMR007014,Htantabin,ထန်းတပင်,MMR007D002,Taungoo,တောင်ငူခရိုင်,MMR007,Bago (East),ပဲခူးတိုင်းဒေသကြီး (အရှေ့),ASIMMR007014,"GAD, Mar 2015",
MMR007003,Kawa,ကဝ,MMR007D001,Bago,ပဲခူးခရိုင်,MMR007,Bago (East),ပဲခူးတိုင်းဒေသကြီး (အရှေ့),ASIMMR007003,"GAD, Mar 2015",
MMR007011,Kyaukkyi,ကျောက်ကြီး,MMR007D002,Taungoo,တောင်ငူခရိုင်,MMR007,Bago (East),ပဲခူးတိုင်းဒေသကြီး (အရှေ့),ASIMMR007011,"GAD, Mar 2015",
MMR007006,Kyauktaga,ကျောက်တံခါး,MMR007D001,Bago,ပဲခူးခရိုင်,MMR007,Bago (East),ပဲခူးတိုင်းဒေသကြီး (အရှေ့),ASIMMR007006,"GAD, Mar 2015",
MMR007005,Nyaunglebin,ညောင်လေးပင်,MMR007D001,Bago,ပဲခူးခရိုင်,MMR007,Bago (East),ပဲခူးတိုင်းဒေသကြီး (အရှေ့),ASIMMR007005,"GAD, Mar 2015",
MMR007013,Oktwin,အုတ်တွင်း,MMR007D002,Taungoo,တောင်ငူခရိုင်,MMR007,Bago (East),ပဲခူးတိုင်းဒေသကြီး (အရှေ့),ASIMMR007013,"GAD, Mar 2015",
MMR007012,Phyu,ဖြူး,MMR007D002,Taungoo,တောင်ငူခရိုင်,MMR007,Bago (East),ပဲခူးတိုင်းဒေသကြီး (အရှေ့),ASIMMR007012,"GAD, Mar 2015",
MMR007008,Shwegyin,ရွှေကျင်,MMR007D001,Bago,ပဲခူးခရိုင်,MMR007,Bago (East),ပဲခူးတိုင်းဒေသကြီး (အရှေ့),ASIMMR007008,"GAD, Mar 2015",
MMR007009,Taungoo,တောင်ငူ,MMR007D002,Taungoo,တောင်ငူခရိုင်,MMR007,Bago (East),ပဲခူးတိုင်းဒေသကြီး (အရှေ့),ASIMMR007009,"GAD, Mar 2015",
MMR007002,Thanatpin,သနပ်ပင်,MMR007D001,Bago,ပဲခူးခရိုင်,MMR007,Bago (East),ပဲခူးတိုင်းဒေသကြီး (အရှေ့),ASIMMR007002,"GAD, Mar 2015",
MMR007004,Waw,ဝေါ,MMR007D001,Bago,ပဲခူးခရိုင်,MMR007,Bago (East),ပဲခူးတိုင်းဒေသကြီး (အရှေ့),ASIMMR007004,"GAD, Mar 2015",
MMR007010,Yedashe,ရေတာရှည်,MMR007D002,Taungoo,တောင်ငူခရိုင်,MMR007,Bago (East),ပဲခူးတိုင်းဒေသကြီး (အရှေ့),ASIMMR007010,"GAD, Mar 2015",
MMR008014,Gyobingauk,ကြို့ပင်ကောက်,MMR008D002,Thayarwady,သာယာဝတီခရိုင်,MMR008,Bago (West),ပဲခူးတိုင်းဒေသကြီး (အနောက်),ASIMMR008014,"GAD, Mar 2015",
MMR008008,Letpadan,လက်ပံတန်း,MMR008D002,Thayarwady,သာယာဝတီခရိုင်,MMR008,Bago (West),ပဲခူးတိုင်းဒေသကြီး (အနောက်),ASIMMR008008,"GAD, Mar 2015",
MMR008009,Minhla,မင်းလှ,MMR008D002,Thayarwady,သာယာဝတီခရိုင်,MMR008,Bago (West),ပဲခူးတိုင်းဒေသကြီး (အနောက်),ASIMMR008009,"GAD, Mar 2015",
MMR008013,Monyo,မိုးညို,MMR008D002,Thayarwady,သာယာဝတီခရိုင်,MMR008,Bago (West),ပဲခူးတိုင်းဒေသကြီး (အနောက်),ASIMMR008013,"GAD, Mar 2015",
MMR008012,Nattalin,နတ္တလင်း,MMR008D002,Thayarwady,သာယာဝတီခရိုင်,MMR008,Bago (West),ပဲခူးတိုင်းဒေသကြီး (အနောက်),ASIMMR008012,"GAD, Mar 2015",
MMR008010,Okpho,အုတ်ဖို,MMR008D002,Thayarwady,သာယာဝတီခရိုင်,MMR008,Bago (West),ပဲခူးတိုင်းဒေသကြီး (အနောက်),ASIMMR008010,"GAD, Mar 2015",
MMR008003,Padaung,ပန်းတောင်း,MMR008D001,Pyay,ပြည်ခရိုင်,MMR008,Bago (West),ပဲခူးတိုင်းဒေသကြီး (အနောက်),ASIMMR008003,"GAD, Mar 2015",
MMR008002,Paukkhaung,ပေါက်ခေါင်း,MMR008D001,Pyay,ပြည်ခရိုင်,MMR008,Bago (West),ပဲခူးတိုင်းဒေသကြီး (အနောက်),ASIMMR008002,"GAD, Mar 2015",
MMR008004,Paungde,ပေါင်းတည်,MMR008D001,Pyay,ပြည်ခရိုင်,MMR008,Bago (West),ပဲခူးတိုင်းဒေသကြီး (အနောက်),ASIMMR008004,"GAD, Mar 2015",
MMR008001,Pyay,ပြည်,MMR008D001,Pyay,ပြည်ခရိုင်,MMR008,Bago (West),ပဲခူးတိုင်းဒေသကြီး (အနောက်),ASIMMR008001,"GAD, Mar 2015",
MMR008006,Shwedaung,ရွှေတောင်,MMR008D001,Pyay,ပြည်ခရိုင်,MMR008,Bago (West),ပဲခူးတိုင်းဒေသကြီး (အနောက်),ASIMMR008006,"GAD, Mar 2015",
MMR008007,Thayarwady,သာယာဝတီ,MMR008D002,Thayarwady,သာယာဝတီခရိုင်,MMR008,Bago (West),ပဲခူးတိုင်းဒေသကြီး (အနောက်),ASIMMR008007,"GAD, Mar 2015",
MMR008005,Thegon,သဲကုန်း,MMR008D001,Pyay,ပြည်ခရိုင်,MMR008,Bago (West),ပဲခူးတိုင်းဒေသကြီး (အနောက်),ASIMMR008005,"GAD, Mar 2015",
MMR008011,Zigon,ဇီးကုန်း,MMR008D002,Thayarwady,သာယာဝတီခရိုင်,MMR008,Bago (West),ပဲခူးတိုင်းဒေသကြီး (အနောက်),ASIMMR008011,"GAD, Mar 2015",
MMR004001,Falam,ဖလမ်း,MMR004D001,Falam,ဖလန်းခရိုင်,MMR004,Chin,ချင်းပြည်နယ်,ASIMMR004001,"GAD, Mar 2015",
MMR004002,Hakha,ဟားခါး,MMR004D003,Hakha,ဟားခါးခရိုင်,MMR004,Chin,ချင်းပြည်နယ်,ASIMMR004002,"GAD, Mar 2015",
MMR004008,Kanpetlet,ကန်ပက်လက်,MMR004D002,Mindat,မင်းတပ်ခရိုင်,MMR004,Chin,ချင်းပြည်နယ်,ASIMMR004008,"GAD, Mar 2015",
MMR004007,Matupi,မတူပီ,MMR004D002,Mindat,မင်းတပ်ခရိုင်,MMR004,Chin,ချင်းပြည်နယ်,ASIMMR004007,"GAD, Mar 2015",
MMR004006,Mindat,မင်းတပ်,MMR004D002,Mindat,မင်းတပ်ခရိုင်,MMR004,Chin,ချင်းပြည်နယ်,ASIMMR004006,"GAD, Mar 2015",
MMR004009,Paletwa,ပလက်ဝ,MMR004D002,Mindat,မင်းတပ်ခရိုင်,MMR004,Chin,ချင်းပြည်နယ်,ASIMMR004009,"GAD, Mar 2015",
MMR004004,Tedim,တီးတိန်,MMR004D001,Falam,ဖလန်းခရိုင်,MMR004,Chin,ချင်းပြည်နယ်,ASIMMR004004,"GAD, Mar 2015",
MMR004003,Thantlang,ထန်တလန်,MMR004D003,Hakha,ဟားခါးခရိုင်,MMR004,Chin,ချင်းပြည်နယ်,ASIMMR004003,"GAD, Mar 2015",
MMR004005,Tonzang,တွန်းဇံ,MMR004D001,Falam,ဖလန်းခရိုင်,MMR004,Chin,ချင်းပြည်နယ်,ASIMMR004005,"GAD, Mar 2015",
MMR001010,Bhamo,ဗန်းမော်,MMR001D003,Bhamo,ဗန်းမော်ခရိုင်,MMR001,Kachin,ကချင်ပြည်နယ်,ASIMMR001010,"GAD, Mar 2015",
MMR001005,Chipwi,ချီဗွေ,MMR001D001,Myitkyina,မြစ်ကြီးနားခရိုင်,MMR001,Kachin,ကချင်ပြည်နယ်,ASIMMR001005,"GAD, Mar 2015",
MMR001009,Hpakant,ဖားကန့်,MMR001D002,Mohnyin,မိုးညှင်းခရိုင်,MMR001,Kachin,ကချင်ပြည်နယ်,ASIMMR001009,"GAD, Mar 2015",
MMR001003,Injangyang,အင်ဂျန်းယန်,MMR001D001,Myitkyina,မြစ်ကြီးနားခရိုင်,MMR001,Kachin,ကချင်ပြည်နယ်,ASIMMR001003,"GAD, Mar 2015",
MMR001018,Khaunglanhpu,ခေါင်လန်ဖူး,MMR001D004,Puta-O,ပူတာအိုခရိုင်,MMR001,Kachin,ကချင်ပြည်နယ်,ASIMMR001018,"GAD, Mar 2015",
MMR001016,Machanbaw,မချမ်းဘော,MMR001D004,Puta-O,ပူတာအိုခရိုင်,MMR001,Kachin,ကချင်ပြည်နယ်,ASIMMR001016,"GAD, Mar 2015",
MMR001013,Mansi,မန်စီ,MMR001D003,Bhamo,ဗန်းမော်ခရိုင်,MMR001,Kachin,ကချင်ပြည်နယ်,ASIMMR001013,"GAD, Mar 2015",
MMR001008,Mogaung,မိုးကောင်း,MMR001D002,Mohnyin,မိုးညှင်းခရိုင်,MMR001,Kachin,ကချင်ပြည်နယ်,ASIMMR001008,"GAD, Mar 2015",
MMR001007,Mohnyin,မိုးညှင်း,MMR001D002,Mohnyin,မိုးညှင်းခရိုင်,MMR001,Kachin,ကချင်ပြည်နယ်,ASIMMR001007,"GAD, Mar 2015",
MMR001012,Momauk,မိုးမောက်,MMR001D003,Bhamo,ဗန်းမော်ခရိုင်,MMR001,Kachin,ကချင်ပြည်နယ်,ASIMMR001012,"GAD, Mar 2015",
MMR001001,Myitkyina,မြစ်ကြီးနား,MMR001D001,Myitkyina,မြစ်ကြီးနားခရိုင်,MMR001,Kachin,ကချင်ပြည်နယ်,ASIMMR001001,"GAD, Mar 2015",
MMR001017,Nawngmun,နောင်မွန်း,MMR001D004,Puta-O,ပူတာအိုခရိုင်,MMR001,Kachin,ကချင်ပြည်နယ်,ASIMMR001017,"GAD, Mar 2015",
MMR001014,Puta-O,ပူတာအို,MMR001D004,Puta-O,ပူတာအိုခရိုင်,MMR001,Kachin,ကချင်ပြည်နယ်,ASIMMR001014,"GAD, Mar 2015",
MMR001011,Shwegu,ရွှေကူ,MMR001D003,Bhamo,ဗန်းမော်ခရိုင်,MMR001,Kachin,ကချင်ပြည်နယ်,ASIMMR001011,"GAD, Mar 2015",
MMR001015,Sumprabum,ဆွမ်ပရာဘွမ်,MMR001D004,Puta-O,ပူတာအိုခရိုင်,MMR001,Kachin,ကချင်ပြည်နယ်,ASIMMR001015,"GAD, Mar 2015",
MMR001004,Tanai,တနိုင်း,MMR001D001,Myitkyina,မြစ်ကြီးနားခရိုင်,MMR001,Kachin,ကချင်ပြည်နယ်,ASIMMR001004,"GAD, Mar 2015",
MMR001006,Tsawlaw,ဆော့လော်,MMR001D001,Myitkyina,မြစ်ကြီးနားခရိုင်,MMR001,Kachin,ကချင်ပြည်နယ်,ASIMMR001006,"GAD, Mar 2015",
MMR001002,Waingmaw,ဝိုင်းမော်,MMR001D001,Myitkyina,မြစ်ကြီးနားခရိုင်,MMR001,Kachin,ကချင်ပြည်နယ်,ASIMMR001002,"GAD, Mar 2015",
MMR002005,Bawlake,ဘောလခဲ,MMR002D002,Bawlake,ဘောလခဲခရိုင်,MMR002,Kayah,ကယားပြည်နယ်,ASIMMR002005,"GAD, Mar 2015",
MMR002002,Demoso,ဒီမောဆို,MMR002D001,Loikaw,လွိုင်ကော်ခရိုင်,MMR002,Kayah,ကယားပြည်နယ်,ASIMMR002002,"GAD, Mar 2015",
MMR002006,Hpasawng,ဖားဆောင်း,MMR002D002,Bawlake,ဘောလခဲခရိုင်,MMR002,Kayah,ကယားပြည်နယ်,ASIMMR002006,"GAD, Mar 2015",
MMR002003,Hpruso,ဖရူဆို,MMR002D001,Loikaw,လွိုင်ကော်ခရိုင်,MMR002,Kayah,ကယားပြည်နယ်,ASIMMR002003,"GAD, Mar 2015",
MMR002001,Loikaw,လွိုင်ကော်,MMR002D001,Loikaw,လွိုင်ကော်ခရိုင်,MMR002,Kayah,ကယားပြည်နယ်,ASIMMR002001,"GAD, Mar 2015",
MMR002007,Mese,မယ်စဲ့,MMR002D002,Bawlake,ဘောလခဲခရိုင်,MMR002,Kayah,ကယားပြည်နယ်,ASIMMR002007,"GAD, Mar 2015",
MMR002004,Shadaw,ရှားတော,MMR002D001,Loikaw,လွိုင်ကော်ခရိုင်,MMR002,Kayah,ကယားပြည်နယ်,ASIMMR002004,"GAD, Mar 2015",
MMR003002,Hlaingbwe,လှိုင်းဘွဲ့,MMR003D001,Hpa-An,ဘားအံခရိုင်,MMR003,Kayin,ကရင်ပြည်နယ်,ASIMMR003002,"GAD, Mar 2015",
MMR003001,Hpa-An,ဘားအံ,MMR003D001,Hpa-An,ဘားအံခရိုင်,MMR003,Kayin,ကရင်ပြည်နယ်,ASIMMR003001,"GAD, Mar 2015",
MMR003003,Hpapun,ဖာပွန်,MMR003D004,Hpapun,ဖာပွန်ခရိုင်,MMR003,Kayin,ကရင်ပြည်နယ်,ASIMMR003003,"GAD, Mar 2015",
MMR003006,Kawkareik,ကော့ကရိတ်,MMR003D003,Kawkareik,ကော့ကရိတ်ခရိုင်,MMR003,Kayin,ကရင်ပြည်နယ်,ASIMMR003006,"GAD, Mar 2015",
MMR003007,Kyainseikgyi,ကြာအင်းဆိပ်ကြီး,MMR003D003,Kawkareik,ကော့ကရိတ်ခရိုင်,MMR003,Kayin,ကရင်ပြည်နယ်,ASIMMR003007,"GAD, Mar 2015",
MMR003005,Myawaddy,မြဝတီ,MMR003D002,Myawaddy,မြဝတီခရိုင်,MMR003,Kayin,ကရင်ပြည်နယ်,ASIMMR003005,"GAD, Mar 2015",
MMR003004,Thandaunggyi,သံတောင်ကြီး,MMR003D001,Hpa-An,ဘားအံခရိုင်,MMR003,Kayin,ကရင်ပြည်နယ်,ASIMMR003004,"GAD, Mar 2015",
MMR009016,Aunglan,အောင်လံ,MMR009D003,Thayet,သရက်ခရိုင်,MMR009,Magway,မကွေးတိုင်းဒေသကြီး,ASIMMR009016,"GAD, Mar 2015",
MMR009003,Chauk,ချောက်,MMR009D001,Magway,မကွေးခရိုင်,MMR009,Magway,မကွေးတိုင်းဒေသကြီး,ASIMMR009003,"GAD, Mar 2015",
MMR009023,Gangaw,ဂန့်ဂေါ,MMR009D005,Gangaw,ဂန့်ဂေါခရိုင်,MMR009,Magway,မကွေးတိုင်းဒေသကြီး,ASIMMR009023,"GAD, Mar 2015",
MMR009015,Kamma,ကံမ,MMR009D003,Thayet,သရက်ခရိုင်,MMR009,Magway,မကွေးတိုင်းဒေသကြီး,ASIMMR009015,"GAD, Mar 2015",
MMR009001,Magway,မကွေး,MMR009D001,Magway,မကွေးခရိုင်,MMR009,Magway,မကွေးတိုင်းဒေသကြီး,ASIMMR009001,"GAD, Mar 2015",
MMR009007,Minbu,မင်းဘူး,MMR009D002,Minbu,မင်းဘူးခရိုင်,MMR009,Magway,မကွေးတိုင်းဒေသကြီး,ASIMMR009007,"GAD, Mar 2015",
MMR009014,Mindon,မင်းတုန်း,MMR009D003,Thayet,သရက်ခရိုင်,MMR009,Magway,မကွေးတိုင်းဒေသကြီး,ASIMMR009014,"GAD, Mar 2015",
MMR009013,Minhla,မင်းလှ,MMR009D003,Thayet,သရက်ခရိုင်,MMR009,Magway,မကွေးတိုင်းဒေသကြီး,ASIMMR009013,"GAD, Mar 2015",
MMR009020,Myaing,မြိုင်,MMR009D004,Pakokku,ပခုက္ကူခရိုင်,MMR009,Magway,မကွေးတိုင်းဒေသကြီး,ASIMMR009020,"GAD, Mar 2015",
MMR009005,Myothit,မြို့သစ်,MMR009D001,Magway,မကွေးခရိုင်,MMR009,Magway,မကွေးတိုင်းဒေသကြီး,ASIMMR009005,"GAD, Mar 2015",
MMR009006,Natmauk,နတ်မောက်,MMR009D001,Magway,မကွေးခရိုင်,MMR009,Magway,မကွေးတိုင်းဒေသကြီး,ASIMMR009006,"GAD, Mar 2015",
MMR009009,Ngape,ငဖဲ,MMR009D002,Minbu,မင်းဘူးခရိုင်,MMR009,Magway,မကွေးတိုင်းဒေသကြီး,ASIMMR009009,"GAD, Mar 2015",
MMR009018,Pakokku,ပခုက္ကူ,MMR009D004,Pakokku,ပခုက္ကူခရိုင်,MMR009,Magway,မကွေးတိုင်းဒေသကြီး,ASIMMR009018,"GAD, Mar 2015",
MMR009021,Pauk,ပေါက်,MMR009D004,Pakokku,ပခုက္ကူခရိုင်,MMR009,Magway,မကွေးတိုင်းဒေသကြီး,ASIMMR009021,"GAD, Mar 2015",
MMR009008,Pwintbyu,ပွင့်ဖြူ,MMR009D002,Minbu,မင်းဘူးခရိုင်,MMR009,Magway,မကွေးတိုင်းဒေသကြီး,ASIMMR009008,"GAD, Mar 2015",
MMR009010,Salin,စလင်း,MMR009D002,Minbu,မင်းဘူးခရိုင်,MMR009,Magway,မကွေးတိုင်းဒေသကြီး,ASIMMR009010,"GAD, Mar 2015",
MMR009025,Saw,ဆော,MMR009D005,Gangaw,ဂန့်ဂေါခရိုင်,MMR009,Magway,မကွေးတိုင်းဒေသကြီး,ASIMMR009025,"GAD, Mar 2015",
MMR009022,Seikphyu,ဆိပ်ဖြူ,MMR009D004,Pakokku,ပခုက္ကူခရိုင်,MMR009,Magway,မကွေးတိုင်းဒေသကြီး,ASIMMR009022,"GAD, Mar 2015",
MMR009011,Sidoktaya,စေတုတ္တရာ,MMR009D002,Minbu,မင်းဘူးခရိုင်,MMR009,Magway,မကွေးတိုင်းဒေသကြီး,ASIMMR009011,"GAD, Mar 2015",
MMR009017,Sinbaungwe,ဆင်ပေါင်ဝဲ,MMR009D003,Thayet,သရက်ခရိုင်,MMR009,Magway,မကွေးတိုင်းဒေသကြီး,ASIMMR009017,"GAD, Mar 2015",
MMR009004,Taungdwingyi,တောင်တွင်းကြီး,MMR009D001,Magway,မကွေးခရိုင်,MMR009,Magway,မကွေးတိုင်းဒေသကြီး,ASIMMR009004,"GAD, Mar 2015",
MMR009012,Thayet,သရက်,MMR009D003,Thayet,သရက်ခရိုင်,MMR009,Magway,မကွေးတိုင်းဒေသကြီး,ASIMMR009012,"GAD, Mar 2015",
MMR009024,Tilin,ထီးလင်း,MMR009D005,Gangaw,ဂန့်ဂေါခရိုင်,MMR009,Magway,မကွေးတိုင်းဒေသကြီး,ASIMMR009024,"GAD, Mar 2015",
MMR009002,Yenangyaung,ရေနံချောင်း,MMR009D001,Magway,မကွေးခရိုင်,MMR009,Magway,မကွေးတိုင်းဒေသကြီး,ASIMMR009002,"GAD, Mar 2015",
MMR009019,Yesagyo,ရေစကြို,MMR009D004,Pakokku,ပခုက္ကူခရိုင်,MMR009,Magway,မကွေးတိုင်းဒေသကြီး,ASIMMR009019,"GAD, Mar 2015",
MMR010006,Amarapura,အမရပူရ,MMR010D001,Mandalay,မန္တလေးခရိုင်,MMR010,Mandalay,မန္တလေးတိုင်းဒေသကြီး,ASIMMR010006,"GAD, Mar 2015",
MMR010001,Aungmyaythazan,အောင်မြေသာဇံ,MMR010D001,Mandalay,မန္တလေးခရိုင်,MMR010,Mandalay,မန္တလေးတိုင်းဒေသကြီး,ASIMMR010001,"GAD, Mar 2015",
MMR010002,Chanayethazan,ချမ်းအေးသာဇံ,MMR010D001,Mandalay,မန္တလေးခရိုင်,MMR010,Mandalay,မန္တလေးတိုင်းဒေသကြီး,ASIMMR010002,"GAD, Mar 2015",
MMR010004,Chanmyathazi,ချမ်းမြသာစည်,MMR010D001,Mandalay,မန္တလေးခရိုင်,MMR010,Mandalay,မန္တလေးတိုင်းဒေသကြီး,ASIMMR010004,"GAD, Mar 2015",
MMR010020,Kyaukpadaung,ကျောက်ပန်းတောင်း,MMR010D005,Nyaung-U,ညောင်ဦးခရိုင်,MMR010,Mandalay,မန္တလေးတိုင်းဒေသကြီး,ASIMMR010020,"GAD, Mar 2015",
MMR010013,Kyaukse,ကျောက်ဆည်,MMR010D003,Kyaukse,ကျောက်ဆည်ခရိုင်,MMR010,Mandalay,မန္တလေးတိုင်းဒေသကြီး,ASIMMR010013,"GAD, Mar 2015",
MMR010009,Madaya,မတ္တရာ,MMR010D002,Pyinoolwin,ပြင်ဦးလွင်ခရိုင်,MMR010,Mandalay,မန္တလေးတိုင်းဒေသကြီး,ASIMMR010009,"GAD, Mar 2015",
MMR010003,Mahaaungmyay,မဟာအောင်မြေ,MMR010D001,Mandalay,မန္တလေးခရိုင်,MMR010,Mandalay,မန္တလေးတိုင်းဒေသကြီး,ASIMMR010003,"GAD, Mar 2015",
MMR010029,Mahlaing,မလှိုင်,MMR010D007,Meiktila,မိတ္ထီလာခရိုင်,MMR010,Mandalay,မန္တလေးတိုင်းဒေသကြီး,ASIMMR010029,"GAD, Mar 2015",
MMR010028,Meiktila,မိတ္ထီလာ,MMR010D007,Meiktila,မိတ္ထီလာခရိုင်,MMR010,Mandalay,မန္တလေးတိုင်းဒေသကြီး,ASIMMR010028,"GAD, Mar 2015",
MMR010011,Mogoke,မိုးကုတ်,MMR010D002,Pyinoolwin,ပြင်ဦးလွင်ခရိုင်,MMR010,Mandalay,မန္တလေးတိုင်းဒေသကြီး,ASIMMR010011,"GAD, Mar 2015",
MMR010017,Myingyan,မြင်းခြံ,MMR010D004,Myingyan,မြင်းခြံခရိုင်,MMR010,Mandalay,မန္တလေးတိုင်းဒေသကြီး,ASIMMR010017,"GAD, Mar 2015",
MMR010015,Myittha,မြစ်သား,MMR010D003,Kyaukse,ကျောက်ဆည်ခရိုင်,MMR010,Mandalay,မန္တလေးတိုင်းဒေသကြီး,ASIMMR010015,"GAD, Mar 2015",
MMR010019,Natogyi,နွားထိုးကြီး,MMR010D004,Myingyan,မြင်းခြံခရိုင်,MMR010,Mandalay,မန္တလေးတိုင်းဒေသကြီး,ASIMMR010019,"GAD, Mar 2015",
MMR010021,Ngazun,ငါန်းဇွန်,MMR010D004,Myingyan,မြင်းခြံခရိုင်,MMR010,Mandalay,မန္တလေးတိုင်းဒေသကြီး,ASIMMR010021,"GAD, Mar 2015",
MMR010022,Nyaung-U,ညောင်ဦး,MMR010D005,Nyaung-U,ညောင်ဦးခရိုင်,MMR010,Mandalay,မန္တလေးတိုင်းဒေသကြီး,ASIMMR010022,"GAD, Mar 2015",
MMR010007,Patheingyi,ပုသိမ်ကြီး,MMR010D001,Mandalay,မန္တလေးခရိုင်,MMR010,Mandalay,မန္တလေးတိုင်းဒေသကြီး,ASIMMR010007,"GAD, Mar 2015",
MMR010024,Pyawbwe,ပျော်ဘွယ်,MMR010D006,Yamethin,ရမည်းသင်းခရိုင်,MMR010,Mandalay,မန္တလေးတိုင်းဒေသကြီး,ASIMMR010024,"GAD, Mar 2015",
MMR010005,Pyigyitagon,ပြည်ကြီးတံခွန်,MMR010D001,Mandalay,မန္တလေးခရိုင်,MMR010,Mandalay,မန္တလေးတိုင်းဒေသကြီး,ASIMMR010005,"GAD, Mar 2015",
MMR010008,Pyinoolwin,ပြင်ဦးလွင်,MMR010D002,Pyinoolwin,ပြင်ဦးလွင်ခရိုင်,MMR010,Mandalay,မန္တလေးတိုင်းဒေသကြီး,ASIMMR010008,"GAD, Mar 2015",
MMR010010,Singu,စဉ့်ကူး,MMR010D002,Pyinoolwin,ပြင်ဦးလွင်ခရိုင်,MMR010,Mandalay,မန္တလေးတိုင်းဒေသကြီး,ASIMMR010010,"GAD, Mar 2015",
MMR010014,Sintgaing,စဉ့်ကိုင်,MMR010D003,Kyaukse,ကျောက်ဆည်ခရိုင်,MMR010,Mandalay,မန္တလေးတိုင်းဒေသကြီး,ASIMMR010014,"GAD, Mar 2015",
MMR010016,Tada-U,တံတားဦး,MMR010D003,Kyaukse,ကျောက်ဆည်ခရိုင်,MMR010,Mandalay,မန္တလေးတိုင်းဒေသကြီး,ASIMMR010016,"GAD, Mar 2015",
MMR010018,Taungtha,တောင်သာ,MMR010D004,Myingyan,မြင်းခြံခရိုင်,MMR010,Mandalay,မန္တလေးတိုင်းဒေသကြီး,ASIMMR010018,"GAD, Mar 2015",
MMR010012,Thabeikkyin,သပိတ်ကျဉ်း,MMR010D002,Pyinoolwin,ပြင်ဦးလွင်ခရိုင်,MMR010,Mandalay,မန္တလေးတိုင်းဒေသကြီး,ASIMMR010012,"GAD, Mar 2015",
MMR010030,Thazi,သာစည်,MMR010D007,Meiktila,မိတ္ထီလာခရိုင်,MMR010,Mandalay,မန္တလေးတိုင်းဒေသကြီး,ASIMMR010030,"GAD, Mar 2015",
MMR010031,Wundwin,ဝမ်းတွင်း,MMR010D007,Meiktila,မိတ္ထီလာခရိုင်,MMR010,Mandalay,မန္တလေးတိုင်းဒေသကြီး,ASIMMR010031,"GAD, Mar 2015",
MMR010023,Yamethin,ရမည်းသင်း,MMR010D006,Yamethin,ရမည်းသင်းခရိုင်,MMR010,Mandalay,မန္တလေးတိုင်းဒေသကြီး,ASIMMR010023,"GAD, Mar 2015",
MMR011010,Bilin,ဘီးလင်း,MMR011D002,Thaton,သထုံခရိုင်,MMR011,Mon,မွန်ပြည်နယ်,ASIMMR011010,"GAD, Mar 2015",
MMR011003,Chaungzon,ချောင်းဆုံ,MMR011D001,Mawlamyine,မော်လမြိုင်ခရိုင်,MMR011,Mon,မွန်ပြည်နယ်,ASIMMR011003,"GAD, Mar 2015",
MMR011002,Kyaikmaraw,ကျိုက္မရော,MMR011D001,Mawlamyine,မော်လမြိုင်ခရိုင်,MMR011,Mon,မွန်ပြည်နယ်,ASIMMR011002,"GAD, Mar 2015",
MMR011009,Kyaikto,ကျိုက်ထို,MMR011D002,Thaton,သထုံခရိုင်,MMR011,Mon,မွန်ပြည်နယ်,ASIMMR011009,"GAD, Mar 2015",
MMR011001,Mawlamyine,မော်လမြိုင်,MMR011D001,Mawlamyine,မော်လမြိုင်ခရိုင်,MMR011,Mon,မွန်ပြည်နယ်,ASIMMR011001,"GAD, Mar 2015",
MMR011005,Mudon,မုဒုံ,MMR011D001,Mawlamyine,မော်လမြိုင်ခရိုင်,MMR011,Mon,မွန်ပြည်နယ်,ASIMMR011005,"GAD, Mar 2015",
MMR011008,Paung,ပေါင်,MMR011D002,Thaton,သထုံခရိုင်,MMR011,Mon,မွန်ပြည်နယ်,ASIMMR011008,"GAD, Mar 2015",
MMR011004,Thanbyuzayat,သံဖြူဇရပ်,MMR011D001,Mawlamyine,မော်လမြိုင်ခရိုင်,MMR011,Mon,မွန်ပြည်နယ်,ASIMMR011004,"GAD, Mar 2015",
MMR011007,Thaton,သထုံ,MMR011D002,Thaton,သထုံခရိုင်,MMR011,Mon,မွန်ပြည်နယ်,ASIMMR011007,"GAD, Mar 2015",
MMR011006,Ye,ရေး,MMR011D001,Mawlamyine,မော်လမြိုင်ခရိုင်,MMR011,Mon,မွန်ပြည်နယ်,ASIMMR011006,"GAD, Mar 2015",
MMR018004,Det Khi Na Thi Ri,ဒက္ခိဏသီရိ,MMR018D002,Det Khi Na,ဒက္ခိဏခရိုင်,MMR018,Nay Pyi Taw,နေပြည်တော်,ASIMMR010037,"GAD, Mar 2015",
MMR018007,Lewe,လယ်ဝေး,MMR018D002,Det Khi Na,ဒက္ခိဏခရိုင်,MMR018,Nay Pyi Taw,နေပြည်တော်,ASIMMR010027,"GAD, Mar 2015",
MMR018008,Oke Ta Ra Thi Ri,ဥတ္တရသီရိ,MMR018D001,Oke Ta Ra,ဥတ္တရခရိုင်,MMR018,Nay Pyi Taw,နေပြည်တော်,ASIMMR010035,"GAD, Mar 2015",
MMR018005,Poke Ba Thi Ri,ပုဗ္ဗသီရိ,MMR018D001,Oke Ta Ra,ဥတ္တရခရိုင်,MMR018,Nay Pyi Taw,နေပြည်တော်,ASIMMR010034,"GAD, Mar 2015",
MMR018006,Pyinmana,ပျဉ်းမနား,MMR018D002,Det Khi Na,ဒက္ခိဏခရိုင်,MMR018,Nay Pyi Taw,နေပြည်တော်,ASIMMR010026,"GAD, Mar 2015",
MMR018003,Tatkon,တပ်ကုန်း,MMR018D001,Oke Ta Ra,ဥတ္တရခရိုင်,MMR018,Nay Pyi Taw,နေပြည်တော်,ASIMMR010025,"GAD, Mar 2015",
MMR018002,Za Bu Thi Ri,ဇမ္ဗူသီရိ,MMR018D002,Det Khi Na,ဒက္ခိဏခရိုင်,MMR018,Nay Pyi Taw,နေပြည်တော်,ASIMMR010036,"GAD, Mar 2015",
MMR018001,Zay Yar Thi Ri,ဇေယျာသီရိ,MMR018D001,Oke Ta Ra,ဥတ္တရခရိုင်,MMR018,Nay Pyi Taw,နေပြည်တော်,ASIMMR010033,"GAD, Mar 2015",
MMR012014,Ann,အမ်း,MMR012D003,Kyaukpyu,ကျောက်ဖြူခရိုင်,MMR012,Rakhine,ရခိုင်ပြည်နယ်,ASIMMR012014,"GAD, Mar 2015",
MMR012010,Buthidaung,ဘူးသီးတောင်,MMR012D002,Maungdaw,မောင်တောခရိုင်,MMR012,Rakhine,ရခိုင်ပြည်နယ်,ASIMMR012010,"GAD, Mar 2015",
MMR012017,Gwa,ဂွ,MMR012D004,Thandwe,သံတွဲခရိုင်,MMR012,Rakhine,ရခိုင်ပြည်နယ်,ASIMMR012017,"GAD, Mar 2015",
MMR012011,Kyaukpyu,ကျောက်ဖြူ,MMR012D003,Kyaukpyu,ကျောက်ဖြူခရိုင်,MMR012,Rakhine,ရခိုင်ပြည်နယ်,ASIMMR012011,"GAD, Mar 2015",
MMR012004,Kyauktaw,ကျောက်တော်,MMR012D005,Mrauk-U,မြောက်ဦးခရိုင်,MMR012,Rakhine,ရခိုင်ပြည်နယ်,ASIMMR012004,"GAD, Mar 2015",
MMR012009,Maungdaw,မောင်တော,MMR012D002,Maungdaw,မောင်တောခရိုင်,MMR012,Rakhine,ရခိုင်ပြည်နယ်,ASIMMR012009,"GAD, Mar 2015",
MMR012005,Minbya,မင်းပြား,MMR012D005,Mrauk-U,မြောက်ဦးခရိုင်,MMR012,Rakhine,ရခိုင်ပြည်နယ်,ASIMMR012005,"GAD, Mar 2015",
MMR012003,Mrauk-U,မြောက်ဦး,MMR012D005,Mrauk-U,မြောက်ဦးခရိုင်,MMR012,Rakhine,ရခိုင်ပြည်နယ်,ASIMMR012003,"GAD, Mar 2015",
MMR012012,Munaung,မာန်အောင်,MMR012D003,Kyaukpyu,ကျောက်ဖြူခရိုင်,MMR012,Rakhine,ရခိုင်ပြည်နယ်,ASIMMR012012,"GAD, Mar 2015",
MMR012006,Myebon,မြေပုံ,MMR012D005,Mrauk-U,မြောက်ဦးခရိုင်,MMR012,Rakhine,ရခိုင်ပြည်နယ်,ASIMMR012006,"GAD, Mar 2015",
MMR012007,Pauktaw,ပေါက်တော,MMR012D001,Sittwe,စစ်တွေခရိုင်,MMR012,Rakhine,ရခိုင်ပြည်နယ်,ASIMMR012007,"GAD, Mar 2015",
MMR012002,Ponnagyun,ပုဏ္ဏားကျွန်း,MMR012D001,Sittwe,စစ်တွေခရိုင်,MMR012,Rakhine,ရခိုင်ပြည်နယ်,ASIMMR012002,"GAD, Mar 2015",
MMR012013,Ramree,ရမ်းဗြဲ,MMR012D003,Kyaukpyu,ကျောက်ဖြူခရိုင်,MMR012,Rakhine,ရခိုင်ပြည်နယ်,ASIMMR012013,"GAD, Mar 2015",
MMR012008,Rathedaung,ရသေ့တောင်,MMR012D001,Sittwe,စစ်တွေခရိုင်,MMR012,Rakhine,ရခိုင်ပြည်နယ်,ASIMMR012008,"GAD, Mar 2015",
MMR012001,Sittwe,စစ်တွေ,MMR012D001,Sittwe,စစ်တွေခရိုင်,MMR012,Rakhine,ရခိုင်ပြည်နယ်,ASIMMR012001,"GAD, Mar 2015",
MMR012015,Thandwe,သံတွဲ,MMR012D004,Thandwe,သံတွဲခရိုင်,MMR012,Rakhine,ရခိုင်ပြည်နယ်,ASIMMR012015,"GAD, Mar 2015",
MMR012016,Toungup,တောင်ကုတ်,MMR012D004,Thandwe,သံတွဲခရိုင်,MMR012,Rakhine,ရခိုင်ပြည်နယ်,ASIMMR012016,"GAD, Mar 2015",
MMR005014,Ayadaw,အရာတော်,MMR005D003,Monywa,မုံရွာခရိုင်,MMR005,Sagaing,စစ်ကိုင်းတိုင်းဒေသကြီး,ASIMMR005014,"GAD, Mar 2015",
MMR005023,Banmauk,ဗန်းမောက်,MMR005D004,Katha,ကသာခရိုင်,MMR005,Sagaing,စစ်ကိုင်းတိုင်းဒေသကြီး,ASIMMR005023,"GAD, Mar 2015",
MMR005013,Budalin,ဘုတလင်,MMR005D003,Monywa,မုံရွာခရိုင်,MMR005,Sagaing,စစ်ကိုင်းတိုင်းဒေသကြီး,ASIMMR005013,"GAD, Mar 2015",
MMR005015,Chaung-U,ချောင်းဦး,MMR005D003,Monywa,မုံရွာခရိုင်,MMR005,Sagaing,စစ်ကိုင်းတိုင်းဒေသကြီး,ASIMMR005015,"GAD, Mar 2015",
MMR005033,Hkamti,ခန္တီး,MMR005D008,Hkamti,ခန္တီးခရိုင်,MMR005,Sagaing,စစ်ကိုင်းတိုင်းဒေသကြီး,ASIMMR005033,"GAD, Mar 2015",
MMR005034,Homalin,ဟုမ္မလင်း,MMR005D008,Hkamti,ခန္တီးခရိုင်,MMR005,Sagaing,စစ်ကိုင်းတိုင်းဒေသကြီး,ASIMMR005034,"GAD, Mar 2015",
MMR005021,Indaw,အင်းတော်,MMR005D004,Katha,ကသာခရိုင်,MMR005,Sagaing,စစ်ကိုင်းတိုင်းဒေသကြီး,ASIMMR005021,"GAD, Mar 2015",
MMR005027,Kale,ကလေး,MMR005D005,Kale,ကလေးခရိုင်,MMR005,Sagaing,စစ်ကိုင်းတိုင်းဒေသကြီး,ASIMMR005027,"GAD, Mar 2015",
MMR005028,Kalewa,ကလေးဝ,MMR005D005,Kale,ကလေးခရိုင်,MMR005,Sagaing,စစ်ကိုင်းတိုင်းဒေသကြီး,ASIMMR005028,"GAD, Mar 2015",
MMR005007,Kanbalu,ကန့်ဘလူ,MMR005D010,Kanbalu,ကန့်ဘလူခရိုင်,MMR005,Sagaing,စစ်ကိုင်းတိုင်းဒေသကြီး,ASIMMR005007,"GAD, Mar 2015",
MMR005017,Kani,ကနီ,MMR005D009,Yinmarbin,ယင်းမာပင်ခရိုင်,MMR005,Sagaing,စစ်ကိုင်းတိုင်းဒေသကြီး,ASIMMR005017,"GAD, Mar 2015",
MMR005020,Katha,ကသာ,MMR005D004,Katha,ကသာခရိုင်,MMR005,Sagaing,စစ်ကိုင်းတိုင်းဒေသကြီး,ASIMMR005020,"GAD, Mar 2015",
MMR005024,Kawlin,ကောလင်း,MMR005D004,Katha,ကသာခရိုင်,MMR005,Sagaing,စစ်ကိုင်းတိုင်းဒေသကြီး,ASIMMR005024,"GAD, Mar 2015",
MMR005005,Khin-U,ခင်ဦး,MMR005D002,Shwebo,ရွှေဘိုခရိုင်,MMR005,Sagaing,စစ်ကိုင်းတိုင်းဒေသကြီး,ASIMMR005005,"GAD, Mar 2015",
MMR005008,Kyunhla,ကျွန်းလှ,MMR005D010,Kanbalu,ကန့်ဘလူခရိုင်,MMR005,Sagaing,စစ်ကိုင်းတိုင်းဒေသကြီး,ASIMMR005008,"GAD, Mar 2015",
MMR005036,Lahe,လဟယ်,MMR005D008,Hkamti,ခန္တီးခရိုင်,MMR005,Sagaing,စစ်ကိုင်းတိုင်းဒေသကြီး,ASIMMR005036,"GAD, Mar 2015",
MMR005035,Lay Shi,လေရှီး,MMR005D008,Hkamti,ခန္တီးခရိုင်,MMR005,Sagaing,စစ်ကိုင်းတိုင်းဒေသကြီး,ASIMMR005035,"GAD, Mar 2015",
MMR005031,Mawlaik,မော်လိုက်,MMR005D007,Mawlaik,မော်လိုက်ခရိုင်,MMR005,Sagaing,စစ်ကိုင်းတိုင်းဒေသကြီး,ASIMMR005031,"GAD, Mar 2015",
MMR005029,Mingin,မင်းကင်း,MMR005D005,Kale,ကလေးခရိုင်,MMR005,Sagaing,စစ်ကိုင်းတိုင်းဒေသကြီး,ASIMMR005029,"GAD, Mar 2015",
MMR005012,Monywa,မုံရွာ,MMR005D003,Monywa,မုံရွာခရိုင်,MMR005,Sagaing,စစ်ကိုင်းတိုင်းဒေသကြီး,ASIMMR005012,"GAD, Mar 2015",
MMR005003,Myaung,မြောင်,MMR005D001,Sagaing,စစ်ကိုင်းခရိုင်,MMR005,Sagaing,စစ်ကိုင်းတိုင်းဒေသကြီး,ASIMMR005003,"GAD, Mar 2015",
MMR005002,Myinmu,မြင်းမူ,MMR005D001,Sagaing,စစ်ကိုင်းခရိုင်,MMR005,Sagaing,စစ်ကိုင်းတိုင်းဒေသကြီး,ASIMMR005002,"GAD, Mar 2015",
MMR005037,Nanyun,နန်းယွန်း,MMR005D008,Hkamti,ခန္တီးခရိုင်,MMR005,Sagaing,စစ်ကိုင်းတိုင်းဒေသကြီး,ASIMMR005037,"GAD, Mar 2015",
MMR005019,Pale,ပုလဲ,MMR005D009,Yinmarbin,ယင်းမာပင်ခရိုင်,MMR005,Sagaing,စစ်ကိုင်းတိုင်းဒေသကြီး,ASIMMR005019,"GAD, Mar 2015",
MMR005032,Paungbyin,ဖေါင်းပြင်,MMR005D007,Mawlaik,မော်လိုက်ခရိုင်,MMR005,Sagaing,စစ်ကိုင်းတိုင်းဒေသကြီး,ASIMMR005032,"GAD, Mar 2015",
MMR005026,Pinlebu,ပင်လည်ဘူး,MMR005D004,Katha,ကသာခရိုင်,MMR005,Sagaing,စစ်ကိုင်းတိုင်းဒေသကြီး,ASIMMR005026,"GAD, Mar 2015",
MMR005001,Sagaing,စစ်ကိုင်း,MMR005D001,Sagaing,စစ်ကိုင်းခရိုင်,MMR005,Sagaing,စစ်ကိုင်းတိုင်းဒေသကြီး,ASIMMR005001,"GAD, Mar 2015",
MMR005018,Salingyi,ဆားလင်းကြီး,MMR005D009,Yinmarbin,ယင်းမာပင်ခရိုင်,MMR005,Sagaing,စစ်ကိုင်းတိုင်းဒေသကြီး,ASIMMR005018,"GAD, Mar 2015",
MMR005004,Shwebo,ရွှေဘို,MMR005D002,Shwebo,ရွှေဘိုခရိုင်,MMR005,Sagaing,စစ်ကိုင်းတိုင်းဒေသကြီး,ASIMMR005004,"GAD, Mar 2015",
MMR005010,Tabayin,ဒီပဲယင်း,MMR005D002,Shwebo,ရွှေဘိုခရိုင်,MMR005,Sagaing,စစ်ကိုင်းတိုင်းဒေသကြီး,ASIMMR005010,"GAD, Mar 2015",
MMR005030,Tamu,တမူး,MMR005D006,Tamu,တမူးခရိုင်,MMR005,Sagaing,စစ်ကိုင်းတိုင်းဒေသကြီး,ASIMMR005030,"GAD, Mar 2015",
MMR005011,Taze,တန့်ဆည်,MMR005D002,Shwebo,ရွှေဘိုခရိုင်,MMR005,Sagaing,စစ်ကိုင်းတိုင်းဒေသကြီး,ASIMMR005011,"GAD, Mar 2015",
MMR005022,Tigyaing,ထီးချိုင့်,MMR005D004,Katha,ကသာခရိုင်,MMR005,Sagaing,စစ်ကိုင်းတိုင်းဒေသကြီး,ASIMMR005022,"GAD, Mar 2015",
MMR005006,Wetlet,ဝက်လက်,MMR005D002,Shwebo,ရွှေဘိုခရိုင်,MMR005,Sagaing,စစ်ကိုင်းတိုင်းဒေသကြီး,ASIMMR005006,"GAD, Mar 2015",
MMR005025,Wuntho,ဝန်းသို,MMR005D004,Katha,ကသာခရိုင်,MMR005,Sagaing,စစ်ကိုင်းတိုင်းဒေသကြီး,ASIMMR005025,"GAD, Mar 2015",
MMR005009,Ye-U,ရေဦး,MMR005D002,Shwebo,ရွှေဘိုခရိုင်,MMR005,Sagaing,စစ်ကိုင်းတိုင်းဒေသကြီး,ASIMMR005009,"GAD, Mar 2015",
MMR005016,Yinmarbin,ယင်းမာပင်,MMR005D009,Yinmarbin,ယင်းမာပင်ခရိုင်,MMR005,Sagaing,စစ်ကိုင်းတိုင်းဒေသကြီး,ASIMMR005016,"GAD, Mar 2015",
MMR016320,Ho Tawng (Ho Tao),ဟိုတောင်း,MMR016D333,Mong Pawk (Wa SAD),မိုင်းပေါက်-ဝအထူးဒေသ (၂),MMR016,Shan (East),ရှမ်းပြည်နယ် (အရှေ့),ASIMMR016320,UNODC_Sep 2009,
MMR016001,Kengtung,ကျိုင်းတုံ,MMR016D001,Kengtung,ကျိုင်းတုံခရိုင်,MMR016,Shan (East),ရှမ်းပြည်နယ် (အရှေ့),ASIMMR016001,"GAD, Mar 2015",
MMR016319,Mong Hpen,မိုင်းဖျန်,MMR016D333,Mong Pawk (Wa SAD),မိုင်းပေါက်-ဝအထူးဒေသ (၂),MMR016,Shan (East),ရှမ်းပြည်နယ် (အရှေ့),ASIMMR016319,UNODC_Sep 2009,
MMR016322,Mong Kar,မိုင်းကာ,MMR016D333,Mong Pawk (Wa SAD),မိုင်းပေါက်-ဝအထူးဒေသ (၂),MMR016,Shan (East),ရှမ်းပြည်နယ် (အရှေ့),ASIMMR016322,UNODC_Sep 2009,
MMR016321,Mong Pawk,မိုင်းပေါက်,MMR016D333,Mong Pawk (Wa SAD),မိုင်းပေါက်-ဝအထူးဒေသ (၂),MMR016,Shan (East),ရှမ်းပြည်နယ် (အရှေ့),ASIMMR016321,UNODC_Sep 2009,
MMR016010,Monghpyak,မိုင်းဖြတ်,MMR016D003,Tachileik,တာချီလိတ်ခရိုင်,MMR016,Shan (East),ရှမ်းပြည်နယ် (အရှေ့),ASIMMR016010,"GAD, Mar 2015",
MMR016006,Monghsat,မိုင်းဆတ်,MMR016D002,Monghsat,မိုင်းဆတ်ခရိုင်,MMR016,Shan (East),ရှမ်းပြည်နယ် (အရှေ့),ASIMMR016006,"GAD, Mar 2015",
MMR016002,Mongkhet,မိုင်းခတ်,MMR016D001,Kengtung,ကျိုင်းတုံခရိုင်,MMR016,Shan (East),ရှမ်းပြည်နယ် (အရှေ့),ASIMMR016002,"GAD, Mar 2015",
MMR016005,Mongla,မိုင်းလား,MMR016D001,Kengtung,ကျိုင်းတုံခရိုင်,MMR016,Shan (East),ရှမ်းပြည်နယ် (အရှေ့),ASIMMR016005,"GAD, Mar 2015",
MMR016007,Mongping,မိုင်းပျင်း,MMR016D001,Kengtung,ကျိုင်းတုံခရိုင်,MMR016,Shan (East),ရှမ်းပြည်နယ် (အရှေ့),ASIMMR016007,"GAD, Mar 2015",
MMR016008,Mongton,မိုင်းတုံ,MMR016D002,Monghsat,မိုင်းဆတ်ခရိုင်,MMR016,Shan (East),ရှမ်းပြည်နယ် (အရှေ့),ASIMMR016008,"GAD, Mar 2015",
MMR016003,Mongyang,မိုင်းယန်း,MMR016D001,Kengtung,ကျိုင်းတုံခရိုင်,MMR016,Shan (East),ရှမ်းပြည်နယ် (အရှေ့),ASIMMR016003,"GAD, Mar 2015",
MMR016011,Mongyawng,မိုင်းယောင်း,MMR016D003,Tachileik,တာချီလိတ်ခရိုင်,MMR016,Shan (East),ရှမ်းပြည်နယ် (အရှေ့),ASIMMR016011,"GAD, Mar 2015",
MMR016323,Nam Hpai,နမ့်ဖိုင်,MMR016D333,Mong Pawk (Wa SAD),မိုင်းပေါက်-ဝအထူးဒေသ (၂),MMR016,Shan (East),ရှမ်းပြည်နယ် (အရှေ့),ASIMMR016323,UNODC_Sep 2009,
MMR016009,Tachileik,တာချီလိတ်,MMR016D003,Tachileik,တာချီလိတ်ခရိုင်,MMR016,Shan (East),ရှမ်းပြည်နယ် (အရှေ့),ASIMMR016009,"GAD, Mar 2015",
MMR015311,Aik Chan (Ai' Chun),အိုက်ချန်,MMR015D331,Mong Maw (Wa SAD),မိုင်းမော-ဝအထူးဒေသ (၂),MMR015,Shan (North),ရှမ်းပြည်နယ် (မြောက်),ASIMMR015311,UNODC_Sep 2009,
MMR015203,Chinshwehaw Sub-township (Kokang SAZ),ချင်းရွှေဟော်မြို့နယ်ခွဲ (အထူးဒေသ ၁),MMR015D221,Laukkaing (Kokang SAZ),လောက်ကိုင်-ကိုးကန့်အထူးဒေသ (၁),MMR015,Shan (North),ရှမ်းပြည်နယ် (မြောက်),ASIMMR015203,UNODC_Sep 2009,
MMR015306,Hkun Mar (Hkwin Ma),ခွန်းမား,MMR015D331,Mong Maw (Wa SAD),မိုင်းမော-ဝအထူးဒေသ (၂),MMR015,Shan (North),ရှမ်းပြည်နယ် (မြောက်),ASIMMR015306,UNODC_Sep 2009,
MMR015021,Hopang,ဟိုပန်,MMR015D006,Hopang,ဟိုပန်ခရိုင်,MMR015,Shan (North),ရှမ်းပြည်နယ် (မြောက်),ASIMMR015021,"GAD, Mar 2015",
MMR015305,Hsawng Hpa (Saun Pha),ဆောင်ဖ,MMR015D331,Mong Maw (Wa SAD),မိုင်းမော-ဝအထူးဒေသ (၂),MMR015,Shan (North),ရှမ်းပြည်နယ် (မြောက်),ASIMMR015305,UNODC_Sep 2009,
MMR015002,Hseni,သိန်းနီ,MMR015D001,Lashio,လားရှိုးခရိုင်,MMR015,Shan (North),ရှမ်းပြည်နယ် (မြောက်),ASIMMR015002,"GAD, Mar 2015",
MMR015014,Hsipaw,သီပေါ,MMR015D003,Kyaukme,ကျောက်မဲခရိုင်,MMR015,Shan (North),ရှမ်းပြည်နယ် (မြောက်),ASIMMR015014,"GAD, Mar 2015",
MMR015310,Ka Lawng Hpar,ကလောင်ဖါ,MMR015D331,Mong Maw (Wa SAD),မိုင်းမော-ဝအထူးဒေသ (၂),MMR015,Shan (North),ရှမ်းပြည်နယ် (မြောက်),ASIMMR015310,UNODC_Sep 2009,
MMR015304,Kawng Min Hsang,ကောင်မင်ဆန်း,MMR015D331,Mong Maw (Wa SAD),မိုင်းမော-ဝအထူးဒေသ (၂),MMR015,Shan (North),ရှမ်းပြည်နယ် (မြောက်),ASIMMR015304,UNODC_Sep 2009,
MMR015023,Konkyan,ကုန်းကြမ်း,MMR015D005,Laukkaing,လောက်ကိုင်ခရိုင်,MMR015,Shan (North),ရှမ်းပြည်နယ် (မြောက်),ASIMMR015023,"GAD, Mar 2015",
MMR015201,Konkyan (Kokang SAZ),ကုန်းကြမ်း (အထူးဒေသ ၁),MMR015D221,Laukkaing (Kokang SAZ),လောက်ကိုင်-ကိုးကန့်အထူးဒေသ (၁),MMR015,Shan (North),ရှမ်းပြည်နယ် (မြောက်),ASIMMR015201,UNODC_Sep 2009,
MMR015020,Kunlong,ကွမ်းလုံ,MMR015D001,Lashio,လားရှိုးခရိုင်,MMR015,Shan (North),ရှမ်းပြည်နယ် (မြောက်),ASIMMR015020,"GAD, Mar 2015",
MMR015011,Kutkai,ကွတ်ခိုင်,MMR015D002,Muse,မူဆယ်ခရိုင်,MMR015,Shan (North),ရှမ်းပြည်နယ် (မြောက်),ASIMMR015011,"GAD, Mar 2015",
MMR015012,Kyaukme,ကျောက်မဲ,MMR015D003,Kyaukme,ကျောက်မဲခရိုင်,MMR015,Shan (North),ရှမ်းပြည်နယ် (မြောက်),ASIMMR015012,"GAD, Mar 2015",
MMR015001,Lashio,လားရှိုး,MMR015D001,Lashio,လားရှိုးခရိုင်,MMR015,Shan (North),ရှမ်းပြည်နယ် (မြောက်),ASIMMR015001,"GAD, Mar 2015",
MMR015022,Laukkaing,လောက်ကိုင်,MMR015D005,Laukkaing,လောက်ကိုင်ခရိုင်,MMR015,Shan (North),ရှမ်းပြည်နယ် (မြောက်),ASIMMR015022,"GAD, Mar 2015",
MMR015202,Laukkaing (Kokang SAZ),လောက်ကိုင် (အထူးဒေသ ၁),MMR015D221,Laukkaing (Kokang SAZ),လောက်ကိုင်-ကိုးကန့်အထူးဒေသ (၁),MMR015,Shan (North),ရှမ်းပြည်နယ် (မြောက်),ASIMMR015202,UNODC_Sep 2009,
MMR015309,Lin Haw,လင်ဟော်,MMR015D331,Mong Maw (Wa SAD),မိုင်းမော-ဝအထူးဒေသ (၂),MMR015,Shan (North),ရှမ်းပြည်နယ် (မြောက်),ASIMMR015309,UNODC_Sep 2009,
MMR015307,Long Htan,လုံထန်,MMR015D331,Mong Maw (Wa SAD),မိုင်းမော-ဝအထူးဒေသ (၂),MMR015,Shan (North),ရှမ်းပြည်နယ် (မြောက်),ASIMMR015307,UNODC_Sep 2009,
MMR015018,Mabein,မဘိမ်း,MMR015D008,Mongmit,မိုးမိတ်ခရိုင်,MMR015,Shan (North),ရှမ်းပြည်နယ် (မြောက်),ASIMMR015018,"GAD, Mar 2015",
MMR015313,Man Man Hseng,မန်မန်ဆိုင်,MMR015D332,Wein Kawng (Wein Kao) (Wa SAD),ဝိန်းကောင်-ဝအထူးဒေသ (၂),MMR015,Shan (North),ရှမ်းပြည်နယ် (မြောက်),ASIMMR015313,UNODC_Sep 2009,
MMR015303,Man Tun,မန်တွန်း,MMR015D331,Mong Maw (Wa SAD),မိုင်းမော-ဝအထူးဒေသ (၂),MMR015,Shan (North),ရှမ်းပြည်နယ် (မြောက်),ASIMMR015303,UNODC_Sep 2009,
MMR015019,Manton,မန်တုန်,MMR015D003,Kyaukme,ကျောက်မဲခရိုင်,MMR015,Shan (North),ရှမ်းပြည်နယ် (မြောက်),ASIMMR015019,"GAD, Mar 2015",
MMR015024,Matman,မက်မန်း,MMR015D007,Matman,မက်မန်းခရိုင်,MMR015,Shan (North),ရှမ်းပြည်နယ် (မြောက်),ASIMMR016004,"GAD, Mar 2015",
MMR015008,Mongmao,မိုင်းမော,MMR015D006,Hopang,ဟိုပန်ခရိုင်,MMR015,Shan (North),ရှမ်းပြည်နယ် (မြောက်),ASIMMR015008,"GAD, Mar 2015",
MMR015017,Mongmit,မိုးမိတ်,MMR015D008,Mongmit,မိုးမိတ်ခရိုင်,MMR015,Shan (North),ရှမ်းပြည်နယ် (မြောက်),ASIMMR015017,"GAD, Mar 2015",
MMR015003,Mongyai,မိုင်းရယ်,MMR015D001,Lashio,လားရှိုးခရိုင်,MMR015,Shan (North),ရှမ်းပြည်နယ် (မြောက်),ASIMMR015003,"GAD, Mar 2015",
MMR015009,Muse,မူဆယ်,MMR015D002,Muse,မူဆယ်ခရိုင်,MMR015,Shan (North),ရှမ်းပြည်နယ် (မြောက်),ASIMMR015009,"GAD, Mar 2015",
MMR015315,Nam Hkam Wu,နမ်ခမ်းဝူး,MMR015D332,Wein Kawng (Wein Kao) (Wa SAD),ဝိန်းကောင်-ဝအထူးဒေသ (၂),MMR015,Shan (North),ရှမ်းပြည်နယ် (မြောက်),ASIMMR015315,UNODC_Sep 2009,
MMR015301,Nam Tit,နမ့် တစ်,MMR015D331,Mong Maw (Wa SAD),မိုင်းမော-ဝအထူးဒေသ (၂),MMR015,Shan (North),ရှမ်းပြည်နယ် (မြောက်),ASIMMR015301,UNODC_Sep 2009,
MMR015010,Namhkan,နမ့်ခမ်း,MMR015D002,Muse,မူဆယ်ခရိုင်,MMR015,Shan (North),ရှမ်းပြည်နယ် (မြောက်),ASIMMR015010,"GAD, Mar 2015",
MMR015016,Namhsan,နမ့်ဆန်,MMR015D003,Kyaukme,ကျောက်မဲခရိုင်,MMR015,Shan (North),ရှမ်းပြည်နယ် (မြောက်),ASIMMR015016,"GAD, Mar 2015",
MMR015015,Namtu,နမ္မတူ,MMR015D003,Kyaukme,ကျောက်မဲခရိုင်,MMR015,Shan (North),ရှမ်းပြည်နယ် (မြောက်),ASIMMR015015,"GAD, Mar 2015",
MMR015316,Nar Kawng,နားကောင်,MMR015D332,Wein Kawng (Wein Kao) (Wa SAD),ဝိန်းကောင်-ဝအထူးဒေသ (၂),MMR015,Shan (North),ရှမ်းပြည်နယ် (မြောက်),ASIMMR015316,UNODC_Sep 2009,
MMR015302,Nar Wee (Na Wi),နာဝီး,MMR015D331,Mong Maw (Wa SAD),မိုင်းမော-ဝအထူးဒေသ (၂),MMR015,Shan (North),ရှမ်းပြည်နယ် (မြောက်),ASIMMR015302,UNODC_Sep 2009,
MMR015006,Narphan,နားဖန့်,MMR015D007,Matman,မက်မန်းခရိုင်,MMR015,Shan (North),ရှမ်းပြည်နယ် (မြောက်),ASIMMR015006,"GAD, Mar 2015",
MMR015314,Nawng Hkit,နောင်ခစ်,MMR015D332,Wein Kawng (Wein Kao) (Wa SAD),ဝိန်းကောင်-ဝအထူးဒေသ (၂),MMR015,Shan (North),ရှမ်းပြည်နယ် (မြောက်),ASIMMR015314,UNODC_Sep 2009,
MMR015013,Nawnghkio,နောင်ချို,MMR015D003,Kyaukme,ကျောက်မဲခရိုင်,MMR015,Shan (North),ရှမ်းပြည်နယ် (မြောက်),ASIMMR015013,"GAD, Mar 2015",
MMR015317,Pang Hkam,ပန်ခမ့်,MMR015D332,Wein Kawng (Wein Kao) (Wa SAD),ဝိန်းကောင်-ဝအထူးဒေသ (၂),MMR015,Shan (North),ရှမ်းပြည်နယ် (မြောက်),ASIMMR015317,UNODC_Sep 2009,
MMR015318,Pang Yang,ပန်ယန်း,MMR015D332,Wein Kawng (Wein Kao) (Wa SAD),ဝိန်းကောင်-ဝအထူးဒေသ (၂),MMR015,Shan (North),ရှမ်းပြည်နယ် (မြောက်),ASIMMR015318,UNODC_Sep 2009,
MMR015005,Pangsang,ပန်ဆန်း,MMR015D007,Matman,မက်မန်းခရိုင်,MMR015,Shan (North),ရှမ်းပြည်နယ် (မြောက်),ASIMMR015005,"GAD, Mar 2015",
MMR015007,Pangwaun,ပန်ဝိုင်း,MMR015D006,Hopang,ဟိုပန်ခရိုင်,MMR015,Shan (North),ရှမ်းပြည်နယ် (မြောက်),ASIMMR015007,"GAD, Mar 2015",
MMR015004,Tangyan,တန့်ယန်း,MMR015D001,Lashio,လားရှိုးခရိုင်,MMR015,Shan (North),ရှမ်းပြည်နယ် (မြောက်),ASIMMR015004,"GAD, Mar 2015",
MMR015308,Yawng Lin,ယောင်လင်း,MMR015D331,Mong Maw (Wa SAD),မိုင်းမော-ဝအထူးဒေသ (၂),MMR015,Shan (North),ရှမ်းပြည်နယ် (မြောက်),ASIMMR015308,UNODC_Sep 2009,
MMR015312,Yin Pang,ရင်ဖန့်,MMR015D331,Mong Maw (Wa SAD),မိုင်းမော-ဝအထူးဒေသ (၂),MMR015,Shan (North),ရှမ်းပြည်နယ် (မြောက်),ASIMMR015312,UNODC_Sep 2009,
MMR014003,Hopong,ဟိုပုံး,MMR014D001,Taunggyi,တောင်ကြီးခရိုင်,MMR014,Shan (South),ရှမ်းပြည်နယ် (တောင်),ASIMMR014003,"GAD, Mar 2015",
MMR014004,Hsihseng,ဆီဆိုင်,MMR014D001,Taunggyi,တောင်ကြီးခရိုင်,MMR014,Shan (South),ရှမ်းပြည်နယ် (တောင်),ASIMMR014004,"GAD, Mar 2015",
MMR014005,Kalaw,ကလော,MMR014D001,Taunggyi,တောင်ကြီးခရိုင်,MMR014,Shan (South),ရှမ်းပြည်နယ် (တောင်),ASIMMR014005,"GAD, Mar 2015",
MMR014014,Kunhing,ကွန်ဟိန်း,MMR014D002,Loilen,လွိုင်လင်ခရိုင်,MMR014,Shan (South),ရှမ်းပြည်နယ် (တောင်),ASIMMR014014,"GAD, Mar 2015",
MMR014015,Kyethi,ကျေးသီး,MMR014D002,Loilen,လွိုင်လင်ခရိုင်,MMR014,Shan (South),ရှမ်းပြည်နယ် (တောင်),ASIMMR014015,"GAD, Mar 2015",
MMR014012,Laihka,လဲချား,MMR014D002,Loilen,လွိုင်လင်ခရိုင်,MMR014,Shan (South),ရှမ်းပြည်နယ် (တောင်),ASIMMR014012,"GAD, Mar 2015",
MMR014018,Langkho,လင်းခေး,MMR014D003,Langkho,လင်းခေးရိုင်,MMR014,Shan (South),ရှမ်းပြည်နယ် (တောင်),ASIMMR014018,"GAD, Mar 2015",
MMR014008,Lawksawk,ရပ်စောက်,MMR014D001,Taunggyi,တောင်ကြီးခရိုင်,MMR014,Shan (South),ရှမ်းပြည်နယ် (တောင်),ASIMMR014008,"GAD, Mar 2015",
MMR014011,Loilen,လွိုင်လင်,MMR014D002,Loilen,လွိုင်လင်ခရိုင်,MMR014,Shan (South),ရှမ်းပြည်နယ် (တောင်),ASIMMR014011,"GAD, Mar 2015",
MMR014020,Mawkmai,မောက်မယ်,MMR014D003,Langkho,လင်းခေးရိုင်,MMR014,Shan (South),ရှမ်းပြည်နယ် (တောင်),ASIMMR014020,"GAD, Mar 2015",
MMR014017,Monghsu,မိုင်းရှုး,MMR014D002,Loilen,လွိုင်လင်ခရိုင်,MMR014,Shan (South),ရှမ်းပြည်နယ် (တောင်),ASIMMR014017,"GAD, Mar 2015",
MMR014016,Mongkaing,မိုင်းကိုင်,MMR014D002,Loilen,လွိုင်လင်ခရိုင်,MMR014,Shan (South),ရှမ်းပြည်နယ် (တောင်),ASIMMR014016,"GAD, Mar 2015",
MMR014019,Mongnai,မိုးနဲ,MMR014D003,Langkho,လင်းခေးရိုင်,MMR014,Shan (South),ရှမ်းပြည်နယ် (တောင်),ASIMMR014019,"GAD, Mar 2015",
MMR014021,Mongpan,မိုင်းပန်,MMR014D003,Langkho,လင်းခေးရိုင်,MMR014,Shan (South),ရှမ်းပြည်နယ် (တောင်),ASIMMR014021,"GAD, Mar 2015",
MMR014013,Nansang,နမ့်စန်,MMR014D002,Loilen,လွိုင်လင်ခရိုင်,MMR014,Shan (South),ရှမ်းပြည်နယ် (တောင်),ASIMMR014013,"GAD, Mar 2015",
MMR014002,Nyaungshwe,ညောင်ရွှေ,MMR014D001,Taunggyi,တောင်ကြီးခရိုင်,MMR014,Shan (South),ရှမ်းပြည်နယ် (တောင်),ASIMMR014002,"GAD, Mar 2015",
MMR014010,Pekon,ဖယ်ခုံ,MMR014D001,Taunggyi,တောင်ကြီးခရိုင်,MMR014,Shan (South),ရှမ်းပြည်နယ် (တောင်),ASIMMR014010,"GAD, Mar 2015",
MMR014006,Pindaya,ပင်းတယ,MMR014D001,Taunggyi,တောင်ကြီးခရိုင်,MMR014,Shan (South),ရှမ်းပြည်နယ် (တောင်),ASIMMR014006,"GAD, Mar 2015",
MMR014009,Pinlaung,ပင်လောင်း,MMR014D001,Taunggyi,တောင်ကြီးခရိုင်,MMR014,Shan (South),ရှမ်းပြည်နယ် (တောင်),ASIMMR014009,"GAD, Mar 2015",
MMR014001,Taunggyi,တောင်ကြီး,MMR014D001,Taunggyi,တောင်ကြီးခရိုင်,MMR014,Shan (South),ရှမ်းပြည်နယ် (တောင်),ASIMMR014001,"GAD, Mar 2015",
MMR014007,Ywangan,ရွာငံ,MMR014D001,Taunggyi,တောင်ကြီးခရိုင်,MMR014,Shan (South),ရှမ်းပြည်နယ် (တောင်),ASIMMR014007,"GAD, Mar 2015",
MMR006010,Bokpyin,ဘုတ်ပြင်း,MMR006D003,Kawthoung,ကော့သောင်းခရိုင်,MMR006,Tanintharyi,တနင်္သာရီတိုင်းဒေသကြီး,ASIMMR006010,"GAD, Mar 2015",
MMR006001,Dawei,ထားဝယ်,MMR006D001,Dawei,ထားဝယ်ခရိုင်,MMR006,Tanintharyi,တနင်္သာရီတိုင်းဒေသကြီး,ASIMMR006001,"GAD, Mar 2015",
MMR006009,Kawthoung,ကော့သောင်း,MMR006D003,Kawthoung,ကော့သောင်းခရိုင်,MMR006,Tanintharyi,တနင်္သာရီတိုင်းဒေသကြီး,ASIMMR006009,"GAD, Mar 2015",
MMR006006,Kyunsu,ကျွန်းစု,MMR006D002,Myeik,မြိတ်ခရိုင်,MMR006,Tanintharyi,တနင်္သာရီတိုင်းဒေသကြီး,ASIMMR006006,"GAD, Mar 2015",
MMR006002,Launglon,လောင်းလုံ,MMR006D001,Dawei,ထားဝယ်ခရိုင်,MMR006,Tanintharyi,တနင်္သာရီတိုင်းဒေသကြီး,ASIMMR006002,"GAD, Mar 2015",
MMR006005,Myeik,မြိတ်,MMR006D002,Myeik,မြိတ်ခရိုင်,MMR006,Tanintharyi,တနင်္သာရီတိုင်းဒေသကြီး,ASIMMR006005,"GAD, Mar 2015",
MMR006007,Palaw,ပုလော,MMR006D002,Myeik,မြိတ်ခရိုင်,MMR006,Tanintharyi,တနင်္သာရီတိုင်းဒေသကြီး,ASIMMR006007,"GAD, Mar 2015",
MMR006008,Tanintharyi,တနင်္သာရီ,MMR006D002,Myeik,မြိတ်ခရိုင်,MMR006,Tanintharyi,တနင်္သာရီတိုင်းဒေသကြီး,ASIMMR006008,"GAD, Mar 2015",
MMR006003,Thayetchaung,သရက်ချောင်း,MMR006D001,Dawei,ထားဝယ်ခရိုင်,MMR006,Tanintharyi,တနင်္သာရီတိုင်းဒေသကြီး,ASIMMR006003,"GAD, Mar 2015",
MMR006004,Yebyu,ရေဖြူ,MMR006D001,Dawei,ထားဝယ်ခရိုင်,MMR006,Tanintharyi,တနင်္သာရီတိုင်းဒေသကြီး,ASIMMR006004,"GAD, Mar 2015",
MMR013037,Ahlone,အလုံ,MMR013D004,Yangon (West),ရန်ကုန်(အနောက်ပိုင်း),MMR013,Yangon,ရန်ကုန်ဒေသကြီး,ASIMMR013037,"GAD, Mar 2015",
MMR013044,Bahan,ဗဟန်း,MMR013D004,Yangon (West),ရန်ကုန်(အနောက်ပိုင်း),MMR013,Yangon,ရန်ကုန်ဒေသကြီး,ASIMMR013044,"GAD, Mar 2015",
MMR013017,Botahtaung,ဗိုလ်တထောင်,MMR013D002,Yangon (East),ရန်ကုန်(အရှေ့ပိုင်း),MMR013,Yangon,ရန်ကုန်ဒေသကြီး,ASIMMR013017,"GAD, Mar 2015",
MMR013032,Cocokyun,ကိုကိုးကျွန်း,MMR013D003,Yangon (South),ရန်ကုန်(တောင်ပိုင်း),MMR013,Yangon,ရန်ကုန်ဒေသကြီး,ASIMMR013032,"GAD, Mar 2015",
MMR013043,Dagon,ဒဂုံ,MMR013D004,Yangon (West),ရန်ကုန်(အနောက်ပိုင်း),MMR013,Yangon,ရန်ကုန်ဒေသကြီး,ASIMMR013043,"GAD, Mar 2015",
MMR013020,Dagon Myothit (East),ဒဂုံမြို့သစ်အရှေ့ပိုင်း,MMR013D002,Yangon (East),ရန်ကုန်(အရှေ့ပိုင်း),MMR013,Yangon,ရန်ကုန်ဒေသကြီး,ASIMMR013020,"GAD, Mar 2015",
MMR013019,Dagon Myothit (North),ဒဂုံမြို့သစ်မြောက်ပိုင်း,MMR013D002,Yangon (East),ရန်ကုန်(အရှေ့ပိုင်း),MMR013,Yangon,ရန်ကုန်ဒေသကြီး,ASIMMR013019,"GAD, Mar 2015",
MMR013021,Dagon Myothit (Seikkan),ဒဂုံမြို့သစ်ဆိပ်ကမ်း,MMR013D002,Yangon (East),ရန်ကုန်(အရှေ့ပိုင်း),MMR013,Yangon,ရန်ကုန်ဒေသကြီး,ASIMMR013021,"GAD, Mar 2015",
MMR013018,Dagon Myothit (South),ဒဂုံမြို့သစ်တောင်ပိုင်း,MMR013D002,Yangon (East),ရန်ကုန်(အရှေ့ပိုင်း),MMR013,Yangon,ရန်ကုန်ဒေသကြီး,ASIMMR013018,"GAD, Mar 2015",
MMR013030,Dala,ဒလ,MMR013D003,Yangon (South),ရန်ကုန်(တောင်ပိုင်း),MMR013,Yangon,ရန်ကုန်ဒေသကြီး,ASIMMR013030,"GAD, Mar 2015",
MMR013014,Dawbon,ဒေါပုံ,MMR013D002,Yangon (East),ရန်ကုန်(အရှေ့ပိုင်း),MMR013,Yangon,ရန်ကုန်ဒေသကြီး,ASIMMR013014,"GAD, Mar 2015",
MMR013040,Hlaing,လှိုင်,MMR013D004,Yangon (West),ရန်ကုန်(အနောက်ပိုင်း),MMR013,Yangon,ရန်ကုန်ဒေသကြီး,ASIMMR013040,"GAD, Mar 2015",
MMR013008,Hlaingtharya,လှိုင်သာယာ,MMR013D001,Yangon (North),ရန်ကုန်(မြောက်ပိုင်း),MMR013,Yangon,ရန်ကုန်ဒေသကြီး,ASIMMR013008,"GAD, Mar 2015",
MMR013004,Hlegu,လှည်းကူး,MMR013D001,Yangon (North),ရန်ကုန်(မြောက်ပိုင်း),MMR013,Yangon,ရန်ကုန်ဒေသကြီး,ASIMMR013004,"GAD, Mar 2015",
MMR013003,Hmawbi,မှော်ဘီ,MMR013D001,Yangon (North),ရန်ကုန်(မြောက်ပိုင်း),MMR013,Yangon,ရန်ကုန်ဒေသကြီး,ASIMMR013003,"GAD, Mar 2015",
MMR013006,Htantabin,ထန်းတပင်,MMR013D001,Yangon (North),ရန်ကုန်(မြောက်ပိုင်း),MMR013,Yangon,ရန်ကုန်ဒေသကြီး,ASIMMR013006,"GAD, Mar 2015",
MMR013001,Insein,အင်းစိန်,MMR013D001,Yangon (North),ရန်ကုန်(မြောက်ပိုင်း),MMR013,Yangon,ရန်ကုန်ဒေသကြီး,ASIMMR013001,"GAD, Mar 2015",
MMR013041,Kamaryut,ကမာရွတ်,MMR013D004,Yangon (West),ရန်ကုန်(အနောက်ပိုင်း),MMR013,Yangon,ရန်ကုန်ဒေသကြီး,ASIMMR013041,"GAD, Mar 2015",
MMR013028,Kawhmu,ကော့မှုး,MMR013D003,Yangon (South),ရန်ကုန်(တောင်ပိုင်း),MMR013,Yangon,ရန်ကုန်ဒေသကြီး,ASIMMR013028,"GAD, Mar 2015",
MMR013026,Kayan,ခရမ်း,MMR013D003,Yangon (South),ရန်ကုန်(တောင်ပိုင်း),MMR013,Yangon,ရန်ကုန်ဒေသကြီး,ASIMMR013026,"GAD, Mar 2015",
MMR013029,Kungyangon,ကွမ်းခြံကုန်း,MMR013D003,Yangon (South),ရန်ကုန်(တောင်ပိုင်း),MMR013,Yangon,ရန်ကုန်ဒေသကြီး,ASIMMR013029,"GAD, Mar 2015",
MMR013033,Kyauktada,ကျောက်တံတား,MMR013D004,Yangon (West),ရန်ကုန်(အနောက်ပိုင်း),MMR013,Yangon,ရန်ကုန်ဒေသကြီး,ASIMMR013033,"GAD, Mar 2015",
MMR013024,Kyauktan,ကျောက်တန်း,MMR013D003,Yangon (South),ရန်ကုန်(တောင်ပိုင်း),MMR013,Yangon,ရန်ကုန်ဒေသကြီး,ASIMMR013024,"GAD, Mar 2015",
MMR013038,Kyeemyindaing,ကြည့်မြင်တိုင်,MMR013D004,Yangon (West),ရန်ကုန်(အနောက်ပိုင်း),MMR013,Yangon,ရန်ကုန်ဒေသကြီး,ASIMMR013038,"GAD, Mar 2015",
MMR013035,Lanmadaw,လမ်းမတော်,MMR013D004,Yangon (West),ရန်ကုန်(အနောက်ပိုင်း),MMR013,Yangon,ရန်ကုန်ဒေသကြီး,ASIMMR013035,"GAD, Mar 2015",
MMR013036,Latha,လသာ,MMR013D004,Yangon (West),ရန်ကုန်(အနောက်ပိုင်း),MMR013,Yangon,ရန်ကုန်ဒေသကြီး,ASIMMR013036,"GAD, Mar 2015",
MMR013042,Mayangone,မရမ်းကုန်း,MMR013D004,Yangon (West),ရန်ကုန်(အနောက်ပိုင်း),MMR013,Yangon,ရန်ကုန်ဒေသကြီး,ASIMMR013042,"GAD, Mar 2015",
MMR013002,Mingaladon,မင်္ဂလာဒုံ,MMR013D001,Yangon (North),ရန်ကုန်(မြောက်ပိုင်း),MMR013,Yangon,ရန်ကုန်ဒေသကြီး,ASIMMR013002,"GAD, Mar 2015",
MMR013022,Mingalartaungnyunt,မင်္ဂလာတောင်ညွန့်,MMR013D002,Yangon (East),ရန်ကုန်(အရှေ့ပိုင်း),MMR013,Yangon,ရန်ကုန်ဒေသကြီး,ASIMMR013022,"GAD, Mar 2015",
MMR013012,North Okkalapa,မြောက်ဥက္ကလာပ,MMR013D002,Yangon (East),ရန်ကုန်(အရှေ့ပိုင်း),MMR013,Yangon,ရန်ကုန်ဒေသကြီး,ASIMMR013012,"GAD, Mar 2015",
MMR013034,Pabedan,ပန်းပဲတန်း,MMR013D004,Yangon (West),ရန်ကုန်(အနောက်ပိုင်း),MMR013,Yangon,ရန်ကုန်ဒေသကြီး,ASIMMR013034,"GAD, Mar 2015",
MMR013016,Pazundaung,ပုဇွန်တောင်,MMR013D002,Yangon (East),ရန်ကုန်(အရှေ့ပိုင်း),MMR013,Yangon,ရန်ကုန်ဒေသကြီး,ASIMMR013016,"GAD, Mar 2015",
MMR013039,Sanchaung,စမ်းချောင်း,MMR013D004,Yangon (West),ရန်ကုန်(အနောက်ပိုင်း),MMR013,Yangon,ရန်ကုန်ဒေသကြီး,ASIMMR013039,"GAD, Mar 2015",
MMR013031,Seikgyikanaungto,ဆိပ်ကြီးခနောင်တို,MMR013D003,Yangon (South),ရန်ကုန်(တောင်ပိုင်း),MMR013,Yangon,ရန်ကုန်ဒေသကြီး,ASIMMR013031,"GAD, Mar 2015",
MMR013045,Seikkan,ဆိပ်ကမ်း,MMR013D004,Yangon (West),ရန်ကုန်(အနောက်ပိုင်း),MMR013,Yangon,ရန်ကုန်ဒေသကြီး,ASIMMR013045,"GAD, Mar 2015",
MMR013007,Shwepyithar,ရွှေပြည်သာ,MMR013D001,Yangon (North),ရန်ကုန်(မြောက်ပိုင်း),MMR013,Yangon,ရန်ကုန်ဒေသကြီး,ASIMMR013007,"GAD, Mar 2015",
MMR013011,South Okkalapa,တောင်ဥက္ကလာပ,MMR013D002,Yangon (East),ရန်ကုန်(အရှေ့ပိုင်း),MMR013,Yangon,ရန်ကုန်ဒေသကြီး,ASIMMR013011,"GAD, Mar 2015",
MMR013005,Taikkyi,တိုက်ကြီး,MMR013D001,Yangon (North),ရန်ကုန်(မြောက်ပိုင်း),MMR013,Yangon,ရန်ကုန်ဒေသကြီး,ASIMMR013005,"GAD, Mar 2015",
MMR013015,Tamwe,တာမွေ,MMR013D002,Yangon (East),ရန်ကုန်(အရှေ့ပိုင်း),MMR013,Yangon,ရန်ကုန်ဒေသကြီး,ASIMMR013015,"GAD, Mar 2015",
MMR013013,Thaketa,သာကေတ,MMR013D002,Yangon (East),ရန်ကုန်(အရှေ့ပိုင်း),MMR013,Yangon,ရန်ကုန်ဒေသကြီး,ASIMMR013013,"GAD, Mar 2015",
MMR013023,Thanlyin,သန်လျှင်,MMR013D003,Yangon (South),ရန်ကုန်(တောင်ပိုင်း),MMR013,Yangon,ရန်ကုန်ဒေသကြီး,ASIMMR013023,"GAD, Mar 2015",
MMR013009,Thingangyun,သင်္ဃန်းကျွန်း,MMR013D002,Yangon (East),ရန်ကုန်(အရှေ့ပိုင်း),MMR013,Yangon,ရန်ကုန်ဒေသကြီး,ASIMMR013009,"GAD, Mar 2015",
MMR013025,Thongwa,သုံးခွ,MMR013D003,Yangon (South),ရန်ကုန်(တောင်ပိုင်း),MMR013,Yangon,ရန်ကုန်ဒေသကြီး,ASIMMR013025,"GAD, Mar 2015",
MMR013027,Twantay,တွံတေး,MMR013D003,Yangon (South),ရန်ကုန်(တောင်ပိုင်း),MMR013,Yangon,ရန်ကုန်ဒေသကြီး,ASIMMR013027,"GAD, Mar 2015",
MMR013010,Yankin,ရန်ကင်း,MMR013D002,Yangon (East),ရန်ကုန်(အရှေ့ပိုင်း),MMR013,Yangon,ရန်ကုန်ဒေသကြီး,ASIMMR013010,"GAD, Mar 2015",
